Data,preco_hoje,preco_amanha,Previsao,sinal,retorno_estrategia,retorno_hold,capital_estrategia,capital_hold
2024-01-01,0.2616,0.2633,0.2095096961606933,0,1.0,1.0064984709480123,1000.0,1006.4984709480123
2024-01-02,0.2633,0.239,0.20950969641273326,0,1.0,0.9077098366881884,1000.0,913.6085626911315
2024-01-03,0.239,0.2467,0.20950969616069356,0,1.0,1.0322175732217573,1000.0,943.0428134556576
2024-01-04,0.2467,0.2331,0.20950969616071474,0,1.0,0.9448723145520875,1000.0,891.0550458715597
2024-01-05,0.2331,0.2279,0.20950969616072124,0,1.0,0.9776919776919777,1000.0,871.1773700305812
2024-01-06,0.2279,0.2249,0.20950970848549516,0,1.0,0.9868363317244405,1000.0,859.7094801223243
2024-01-07,0.2249,0.2385,0.20950970082838175,0,1.0,1.0604713205869276,1000.0,911.6972477064222
2024-01-08,0.2385,0.2318,0.2095096961606926,0,1.0,0.9719077568134172,1000.0,886.0856269113152
2024-01-09,0.2318,0.2435,0.20950969616071397,0,1.0,1.050474547023296,1000.0,930.8103975535171
2024-01-10,0.2435,0.2537,0.20950979588850174,0,1.0,1.041889117043121,1000.0,969.8012232415904
2024-01-11,0.2537,0.2392,0.20950969616237694,0,1.0,0.9428458809617659,1000.0,914.3730886850154
2024-01-12,0.2392,0.2436,0.2095096961607174,0,1.0,1.0183946488294315,1000.0,931.1926605504589
2024-01-13,0.2436,0.2401,0.2095096961606942,0,1.0,0.985632183908046,1000.0,917.8134556574925
2024-01-14,0.2401,0.239,0.2095096961607132,0,1.0,0.9954185755935027,1000.0,913.6085626911315
2024-01-15,0.239,0.2288,0.20951167347178062,0,1.0,0.9573221757322177,1000.0,874.6177370030582
2024-01-16,0.2288,0.2288,0.20950969616071852,0,1.0,1.0,1000.0,874.6177370030582
2024-01-17,0.2288,0.2293,0.2095096961607053,0,1.0,1.0021853146853146,1000.0,876.5290519877676
2024-01-19,0.2293,0.2279,0.2095098339972938,0,1.0,0.9938944614042738,1000.0,871.1773700305811
2024-01-20,0.2279,0.2324,0.20950969616069828,0,1.0,1.0197455024133393,1000.0,888.3792048929664
2024-01-21,0.2324,0.2132,0.2095096961975557,0,1.0,0.9173838209982789,1000.0,814.9847094801223
2024-01-22,0.2132,0.2035,0.2095096961607047,0,1.0,0.9545028142589117,1000.0,777.9051987767583
2024-01-23,0.2035,0.2159,0.2095096987756757,1,1.060933660933661,1.060933660933661,1060.933660933661,825.3058103975536
2024-01-24,0.2159,0.2159,0.2095096961606733,0,1.0,1.0,1060.933660933661,825.3058103975536
2024-01-25,0.2159,0.2197,0.20950969616067974,0,1.0,1.017600741083835,1060.933660933661,839.8318042813455
2024-01-27,0.2197,0.2313,0.20950969616069223,0,1.0,1.052799271734183,1060.933660933661,884.1743119266055
2024-01-28,0.2313,0.2279,0.20950969616068157,0,1.0,0.985300475572849,1060.933660933661,871.177370030581
2024-01-29,0.2279,0.2259,0.20950969666862135,0,1.0,0.991224221149627,1060.933660933661,863.532110091743
2024-01-30,0.2259,0.2176,0.2095096961606929,0,1.0,0.9632580787959274,1060.933660933661,831.8042813455656
2024-01-31,0.2176,0.2207,0.2095096961606948,0,1.0,1.014246323529412,1060.933660933661,843.6544342507644
2024-02-01,0.2207,0.221,0.20950969616069304,0,1.0,1.0013593112822836,1060.933660933661,844.8012232415902
2024-02-02,0.221,0.2156,0.20950969616069304,0,1.0,0.9755656108597286,1060.933660933661,824.1590214067278
2024-02-03,0.2156,0.215,0.20950969616069168,0,1.0,0.99721706864564,1060.933660933661,821.8654434250764
2024-02-04,0.215,0.214,0.20933271507539297,0,1.0,0.9953488372093023,1060.933660933661,818.0428134556574
2024-02-05,0.214,0.214,0.20950969616069115,0,1.0,1.0,1060.933660933661,818.0428134556574
2024-02-06,0.214,0.2219,0.2095096961606767,0,1.0,1.0369158878504672,1060.933660933661,848.2415902140671
2024-02-08,0.2219,0.2285,0.20950969615900267,0,1.0,1.0297431275349258,1060.933660933661,873.4709480122324
2024-02-09,0.2285,0.2289,0.2095096961606931,0,1.0,1.0017505470459518,1060.933660933661,874.9999999999999
2024-02-10,0.2289,0.2325,0.209509696160693,0,1.0,1.015727391874181,1060.933660933661,888.7614678899082
2024-02-11,0.2325,0.2364,0.20950969616069304,0,1.0,1.016774193548387,1060.933660933661,903.669724770642
2024-02-12,0.2364,0.2336,0.20950969616069148,0,1.0,0.988155668358714,1060.933660933661,892.9663608562689
2024-02-13,0.2336,0.236,0.20950969616072493,0,1.0,1.0102739726027397,1060.933660933661,902.1406727828744
2024-02-14,0.236,0.2406,0.20950969617400797,0,1.0,1.019491525423729,1060.933660933661,919.7247706422016
2024-02-15,0.2406,0.2261,0.20950969616069437,0,1.0,0.9397339983374896,1060.933660933661,864.2966360856267
2024-02-16,0.2261,0.2414,0.2095167604083239,0,1.0,1.0676691729323309,1060.933660933661,922.7828746177368
2024-02-17,0.2414,0.259,0.2095096961606813,0,1.0,1.0729080364540182,1060.933660933661,990.0611620795105
2024-02-18,0.259,0.259,0.20950969616070478,0,1.0,1.0,1060.933660933661,990.0611620795105
2024-02-19,0.259,0.2466,0.20950969616072174,0,1.0,0.9521235521235522,1060.933660933661,942.6605504587153
2024-02-21,0.2466,0.2526,0.20950969616069307,0,1.0,1.024330900243309,1060.933660933661,965.5963302752291
2024-02-22,0.2526,0.2462,0.20951625875541274,0,1.0,0.9746634996041172,1060.933660933661,941.1314984709478
2024-02-23,0.2462,0.2591,0.20950969616069318,0,1.0,1.0523964256701868,1060.933660933661,990.4434250764523
2024-02-24,0.2591,0.2591,0.20950969616069723,0,1.0,1.0,1060.933660933661,990.4434250764523
2024-02-25,0.2591,0.2628,0.20950969618476,0,1.0,1.0142802006947125,1060.933660933661,1004.5871559633024
2024-02-26,0.2628,0.27,0.20950969616071316,0,1.0,1.0273972602739727,1060.933660933661,1032.110091743119
2024-02-27,0.27,0.2652,0.20950969617457108,0,1.0,0.9822222222222221,1060.933660933661,1013.7614678899079
2024-02-28,0.2652,0.2705,0.20950969616069304,0,1.0,1.0199849170437407,1060.933660933661,1034.0214067278284
2024-02-29,0.2705,0.2699,0.20950969616069307,0,1.0,0.9977818853974121,1060.933660933661,1031.7278287461768
2024-03-01,0.2699,0.3019,0.20950969616071033,0,1.0,1.118562430529826,1060.933660933661,1154.0519877675836
2024-03-02,0.3019,0.2942,0.20950969616994028,0,1.0,0.9744948658496191,1060.933660933661,1124.6177370030578
2024-03-03,0.2942,0.3191,0.20950969616071227,0,1.0,1.084636301835486,1060.933660933661,1219.8012232415897
2024-03-04,0.3191,0.2857,0.20950969639347533,0,1.0,0.8953306173613288,1060.933660933661,1092.1253822629967
2024-03-05,0.2857,0.3213,0.2095096961606931,0,1.0,1.1246062303115154,1060.933660933661,1228.2110091743114
2024-03-06,0.3213,0.3322,0.20950969616073217,0,1.0,1.0339246809835045,1060.933660933661,1269.877675840978
2024-03-07,0.3322,0.3188,0.20950969616220974,0,1.0,0.9596628537025887,1060.933660933661,1218.6544342507639
2024-03-08,0.3188,0.3316,0.20950969616069334,0,1.0,1.040150564617315,1060.933660933661,1267.5840978593267
2024-03-09,0.3316,0.35,0.20950969616069742,0,1.0,1.0554885404101326,1060.933660933661,1337.9204892966354
2024-03-10,0.35,0.3497,0.20950969616072967,0,1.0,0.9991428571428572,1060.933660933661,1336.7737003058098
2024-03-11,0.3497,0.3616,0.20950969621103477,0,1.0,1.0340291678581641,1060.933660933661,1382.2629969418954
2024-03-12,0.3616,0.3433,0.2095096961655304,0,1.0,0.949391592920354,1060.933660933661,1312.3088685015284
2024-03-13,0.3433,0.3457,0.20950969616084178,0,1.0,1.0069909699970871,1060.933660933661,1321.4831804281341
2024-03-14,0.3457,0.3283,0.20950969616069479,0,1.0,0.9496673416256869,1060.933660933661,1254.969418960244
2024-03-15,0.3283,0.3,0.20950972702480675,0,1.0,0.9137983551629607,1060.933660933661,1146.7889908256877
2024-03-16,0.3,0.314,0.20950969616078782,0,1.0,1.0466666666666666,1060.933660933661,1200.305810397553
2024-03-17,0.314,0.2946,0.209509696160694,0,1.0,0.938216560509554,1060.933660933661,1126.1467889908251
2024-03-18,0.2946,0.27,0.2095096961607943,0,1.0,0.9164969450101834,1060.933660933661,1032.110091743119
2024-03-19,0.27,0.2783,0.20950970897065183,0,1.0,1.0307407407407407,1060.933660933661,1063.8379204892963
2024-03-20,0.2783,0.2909,0.20950969616069362,0,1.0,1.0452748832195473,1060.933660933661,1112.0030581039753
2024-03-21,0.2909,0.27,0.20950969616080387,0,1.0,0.9281540048126505,1060.933660933661,1032.1100917431193
2024-03-22,0.27,0.2671,0.20950969616073434,0,1.0,0.9892592592592592,1060.933660933661,1021.024464831804
2024-03-23,0.2671,0.2891,0.2095096961607213,0,1.0,1.082366154998128,1060.933660933661,1105.1223241590212
2024-03-24,0.2891,0.2799,0.20950969616070514,0,1.0,0.968177101349014,1060.933660933661,1069.9541284403665
2024-03-25,0.2799,0.3162,0.20950969619266077,0,1.0,1.129689174705252,1060.933660933661,1208.7155963302746
2024-03-26,0.3162,0.3205,0.20950969616071133,0,1.0,1.0135989879822898,1060.933660933661,1225.1529051987764
2024-03-27,0.3205,0.3001,0.20950969616092738,0,1.0,0.936349453978159,1060.933660933661,1147.1712538226295
2024-03-28,0.3001,0.3125,0.20950969616080312,0,1.0,1.0413195601466179,1060.933660933661,1194.5718654434247
2024-03-29,0.3125,0.3269,0.33564284545136613,1,1.0460800000000001,1.0460800000000001,1109.8214840294843,1249.617737003058
2024-03-30,0.3269,0.3274,0.20950969616076376,0,1.0,1.0015295197308045,1109.8214840294843,1251.5290519877674
2024-03-31,0.3274,0.3051,0.20950969616081797,0,1.0,0.9318875992669516,1109.8214840294843,1166.2844036697245
2024-04-01,0.3051,0.2905,0.209509696171436,0,1.0,0.9521468371025893,1109.8214840294843,1110.4740061162074
2024-04-02,0.2905,0.27,0.20950969616843154,0,1.0,0.9294320137693632,1109.8214840294843,1032.110091743119
2024-04-03,0.27,0.2949,0.20950969616069307,0,1.0,1.0922222222222222,1109.8214840294843,1127.2935779816512
2024-04-04,0.2949,0.2942,0.20950969616073462,0,1.0,0.9976263140047474,1109.8214840294843,1124.617737003058
2024-04-05,0.2942,0.2888,0.209509696162388,0,1.0,0.9816451393609789,1109.8214840294843,1103.9755351681954
2024-04-06,0.2888,0.2886,0.20950969616077658,0,1.0,0.9993074792243768,1109.8214840294843,1103.2110091743116
2024-04-07,0.2886,0.309,0.20950975049139842,0,1.0,1.0706860706860706,1109.8214840294843,1181.1926605504584
2024-04-08,0.309,0.3119,0.20950969616121248,0,1.0,1.0093851132686085,1109.8214840294843,1192.2782874617735
2024-04-09,0.3119,0.3101,0.20950969616522672,0,1.0,0.9942289195254889,1109.8214840294843,1185.3975535168192
2024-04-10,0.3101,0.3162,0.2095096961610268,0,1.0,1.0196710738471462,1109.8214840294843,1208.715596330275
2024-04-11,0.3162,0.2803,0.20950969616074502,0,1.0,0.8864642631246047,1109.8214840294843,1071.4831804281343
2024-04-12,0.2803,0.2275,0.20950969616400741,0,1.0,0.8116303960042812,1109.8214840294843,869.6483180428133
2024-04-13,0.2275,0.2405,0.20950969616070714,0,1.0,1.0571428571428572,1109.8214840294843,919.34250764526
2024-04-14,0.2405,0.2279,0.20950969616070597,0,1.0,0.9476091476091476,1109.8214840294843,871.1773700305811
2024-04-15,0.2279,0.2622,0.2095096964999814,0,1.0,1.1505046072838965,1109.8214840294843,1002.2935779816513
2024-04-16,0.2622,0.2331,0.2095096961606929,0,1.0,0.8890160183066362,1109.8214840294843,891.0550458715597
2024-04-17,0.2331,0.2424,0.20950969616069312,0,1.0,1.03989703989704,1109.8214840294843,926.605504587156
2024-04-18,0.2424,0.2481,0.2095096961606995,0,1.0,1.0235148514851484,1109.8214840294843,948.3944954128441
2024-04-19,0.2481,0.2622,0.2095096961606953,0,1.0,1.05683192261185,1109.8214840294843,1002.2935779816515
2024-04-20,0.2622,0.2773,0.20950969616070902,0,1.0,1.057589626239512,1109.8214840294843,1060.015290519878
2024-04-21,0.2773,0.2773,0.20950969616413323,0,1.0,1.0,1109.8214840294843,1060.015290519878
2024-04-22,0.2773,0.272,0.2095096961607527,0,1.0,0.9808871258564732,1109.8214840294843,1039.7553516819576
2024-04-25,0.272,0.272,0.2095096961606954,0,1.0,1.0,1109.8214840294843,1039.7553516819576
2024-04-26,0.272,0.2466,0.20950969616075338,0,1.0,0.9066176470588235,1109.8214840294843,942.6605504587159
2024-04-29,0.2466,0.2401,0.20950969616074563,0,1.0,0.9736415247364152,1109.8214840294843,917.8134556574926
2024-04-30,0.2401,0.2275,0.20950969616069304,0,1.0,0.9475218658892128,1109.8214840294843,869.6483180428137
2024-05-01,0.2275,0.2505,0.20950969616387968,0,1.0,1.101098901098901,1109.8214840294843,957.5688073394497
2024-05-02,0.2505,0.245,0.20950969618038517,0,1.0,0.9780439121756487,1109.8214840294843,936.5443425076454
2024-05-03,0.245,0.2443,0.20950969616071924,0,1.0,0.9971428571428571,1109.8214840294843,933.8685015290521
2024-05-04,0.2443,0.2443,0.20950969616069304,0,1.0,1.0,1109.8214840294843,933.8685015290521
2024-05-05,0.2443,0.2401,0.2095096961607213,0,1.0,0.9828080229226361,1109.8214840294843,917.8134556574925
2024-05-07,0.2401,0.2445,0.209509696160693,0,1.0,1.0183256976259891,1109.8214840294843,934.6330275229359
2024-05-08,0.2445,0.2335,0.20950969616069726,0,1.0,0.9550102249488753,1109.8214840294843,892.5840978593274
2024-05-09,0.2335,0.2392,0.2095096961607044,0,1.0,1.0244111349036402,1109.8214840294843,914.3730886850154
2024-05-10,0.2392,0.2337,0.2095096964540045,0,1.0,0.9770066889632106,1109.8214840294843,893.3486238532112
2024-05-11,0.2337,0.2316,0.20950969616071038,0,1.0,0.9910141206675225,1109.8214840294843,885.3211009174313
2024-05-12,0.2316,0.226,0.20950969616069332,0,1.0,0.9758203799654577,1109.8214840294843,863.9143730886851
2024-05-13,0.226,0.23,0.20950969616101836,0,1.0,1.0176991150442478,1109.8214840294843,879.204892966361
2024-05-14,0.23,0.2301,0.20950969616069434,0,1.0,1.0004347826086957,1109.8214840294843,879.5871559633028
2024-05-15,0.2301,0.2386,0.20950969617050727,0,1.0,1.0369404606692743,1109.8214840294843,912.079510703364
2024-05-16,0.2386,0.239,0.20950969616070123,0,1.0,1.0016764459346186,1109.8214840294843,913.6085626911315
2024-05-17,0.239,0.2282,0.20950969616069937,0,1.0,0.9548117154811715,1109.8214840294843,872.3241590214067
2024-05-18,0.2282,0.2401,0.20950969669717076,0,1.0,1.0521472392638038,1109.8214840294843,917.8134556574923
2024-05-19,0.2401,0.2529,0.20950969616069087,0,1.0,1.053311120366514,1109.8214840294843,966.7431192660551
2024-05-20,0.2529,0.2575,0.20950969616069282,0,1.0,1.0181890075128508,1109.8214840294843,984.3272171253823
2024-05-21,0.2575,0.2575,0.209509696160695,0,1.0,1.0,1109.8214840294843,984.3272171253823
2024-05-22,0.2575,0.2496,0.20950969646069878,0,1.0,0.9693203883495145,1109.8214840294843,954.1284403669724
2024-05-23,0.2496,0.2397,0.20950969616072776,0,1.0,0.9603365384615384,1109.8214840294843,916.2844036697247
2024-05-24,0.2397,0.2499,0.20950969616072246,0,1.0,1.0425531914893618,1109.8214840294843,955.2752293577981
2024-05-25,0.2499,0.2499,0.20950969616069418,0,1.0,1.0,1109.8214840294843,955.2752293577981
2024-05-26,0.2499,0.2401,0.20950969616072204,0,1.0,0.9607843137254902,1109.8214840294843,917.8134556574923
2024-05-28,0.2401,0.2323,0.20950969616070866,0,1.0,0.9675135360266556,1109.8214840294843,887.9969418960245
2024-05-29,0.2323,0.237,0.2095096961607257,0,1.0,1.0202324580284114,1109.8214840294843,905.9633027522935
2024-05-30,0.237,0.237,0.20976712308744805,0,1.0,1.0,1109.8214840294843,905.9633027522935
2024-05-31,0.237,0.2407,0.209509696160711,0,1.0,1.0156118143459916,1109.8214840294843,920.1070336391437
2024-06-04,0.2407,0.248,0.20950969616071036,0,1.0,1.0303282093892812,1109.8214840294843,948.0122324159021
2024-06-06,0.248,0.229,0.20950969616070889,0,1.0,0.9233870967741936,1109.8214840294843,875.3822629969419
2024-06-07,0.229,0.2202,0.20950978076691376,0,1.0,0.9615720524017467,1109.8214840294843,841.743119266055
2024-06-08,0.2202,0.2148,0.20950969616070408,0,1.0,0.9754768392370572,1109.8214840294843,821.1009174311927
2024-06-09,0.2148,0.2151,0.2095096961606932,0,1.0,1.0013966480446927,1109.8214840294843,822.2477064220183
2024-06-10,0.2151,0.2133,0.2095096967930547,0,1.0,0.9916317991631798,1109.8214840294843,815.366972477064
2024-06-11,0.2133,0.2235,0.20950969616072085,0,1.0,1.047819971870605,1109.8214840294843,854.3577981651375
2024-06-12,0.2235,0.2114,0.20950969616067147,0,1.0,0.9458612975391499,1109.8214840294843,808.1039755351683
2024-06-13,0.2114,0.2062,0.2095096961606931,0,1.0,0.9754020813623462,1109.8214840294843,788.2262996941896
2024-06-14,0.2062,0.2116,0.2095096961606945,1,1.0261881668283221,1.0261881668283221,1138.8856742029043,808.8685015290521
2024-06-15,0.2116,0.2037,0.20950969616069037,0,1.0,0.9626654064272211,1138.8856742029043,778.6697247706422
2024-06-16,0.2037,0.1968,0.20950969614777035,1,0.9661266568483063,0.9661266568483063,1100.3078089500814,752.2935779816514
2024-06-17,0.1968,0.1805,0.20950969615601706,1,0.9171747967479674,0.9171747967479674,1009.1745910339922,689.9847094801223
2024-06-18,0.1805,0.186,0.20950969616069468,1,1.0304709141274238,1.0304709141274238,1039.925063336967,711.0091743119266
2024-06-19,0.186,0.1915,0.20950969616064583,1,1.0295698924731183,1.0295698924731183,1070.6755356399417,732.0336391437309
2024-06-20,0.1915,0.1915,0.20950969616068507,1,1.0,1.0,1070.6755356399417,732.0336391437309
2024-06-21,0.1915,0.1915,0.2095096961606463,1,1.0,1.0,1070.6755356399417,732.0336391437309
2024-06-25,0.1915,0.1915,0.20950969616069304,1,1.0,1.0,1070.6755356399417,732.0336391437309
2024-06-26,0.1915,0.1886,0.20950969616063986,1,0.9848563968668407,0.9848563968668407,1054.4616502438278,720.9480122324159
2024-06-29,0.1886,0.1845,0.20950969616068132,1,0.9782608695652174,0.9782608695652174,1031.538570890701,705.2752293577981
2024-06-30,0.1845,0.1892,0.20950969615731538,1,1.0254742547425475,1.0254742547425475,1057.816247222334,723.2415902140673
2024-07-01,0.1892,0.1785,0.20950969616062995,1,0.943446088794926,0.943446088794926,997.9926011056375,682.3394495412845
2024-07-02,0.1785,0.18,0.20941292719953275,1,1.0084033613445378,1.0084033613445378,1006.3790935519032,688.0733944954128
2024-07-03,0.18,0.1692,0.20950969616063814,1,0.94,0.94,945.996347938789,646.788990825688
2024-07-04,0.1692,0.168,0.20947796786059145,1,0.9929078014184398,0.9929078014184398,939.2871539817763,642.2018348623852
2024-07-05,0.168,0.1709,0.20950969616065193,1,1.0172619047619047,1.0172619047619047,955.5010393778903,653.2874617737002
2024-07-06,0.1709,0.1671,0.2095096961606186,1,0.9777647747220597,0.9777647747220597,934.2552585140166,638.7614678899082
2024-07-07,0.1671,0.1709,0.20950969570949762,1,1.0227408737283064,1.0227408737283064,955.5010393778902,653.2874617737002
2024-07-08,0.1709,0.1726,0.20950969616067125,1,1.0099473376243417,1.0099473376243417,965.0057308169914,659.7859327217125
2024-07-09,0.1726,0.1726,0.209509696159121,1,1.0,1.0,965.0057308169914,659.7859327217125
2024-07-10,0.1726,0.1779,0.2095096961606138,1,1.0307068366164542,1.0307068366164542,994.6380041271309,680.045871559633
2024-07-12,0.1779,0.1817,0.20950969616061754,1,1.0213603147835864,1.0213603147835864,1015.8837849910045,694.571865443425
2024-07-14,0.1817,0.1916,0.18489879297177644,1,1.054485415520088,1.054485415520088,1071.234635136359,732.4159021406728
2024-07-15,0.1916,0.1973,0.20950969616068937,1,1.029749478079332,1.029749478079332,1103.1033064321693,754.2048929663608
2024-07-16,0.1973,0.1999,0.20950969534328917,1,1.0131779016725797,1.0131779016725797,1117.63989333903,764.1437308868501
2024-07-17,0.1999,0.1928,0.20950969616063622,1,0.9644822411205604,0.9644822411205604,1077.9438290933717,737.0030581039755
2024-07-18,0.1928,0.1991,0.2095096961606931,1,1.032676348547718,1.032676348547718,1113.1670973676885,761.085626911315
2024-07-19,0.1991,0.1991,0.2095096961606591,1,1.0,1.0,1113.1670973676885,761.085626911315
2024-07-20,0.1991,0.1962,0.2095096961606452,1,0.9854344550477148,0.9854344550477148,1096.9532119715745,750.0
2024-07-22,0.1962,0.1844,0.20950969616069268,1,0.9398572884811417,0.9398572884811417,1030.9794713942833,704.8929663608563
2024-07-23,0.1844,0.1913,0.20950969616069037,1,1.0374186550976139,1.0374186550976139,1069.5573366471062,731.2691131498472
2024-07-24,0.1913,0.1799,0.2095096961606474,1,0.9404077365394669,0.9404077365394669,1005.8199940554857,687.6911314984709
2024-07-25,0.1799,0.1847,0.2095096961606931,1,1.026681489716509,1.026681489716509,1032.6567698835365,706.0397553516818
2024-07-26,0.1847,0.1831,0.20950969616069182,1,0.9913373037357878,0.9913373037357878,1023.711177940853,699.9235474006115
2024-07-27,0.1831,0.1856,0.2095096923667016,1,1.0136537411250681,1.0136537411250681,1037.688665351296,709.4801223241589
2024-07-28,0.1856,0.1819,0.20950969615532014,1,0.9800646551724139,0.9800646551724139,1017.0019839838404,695.3363914373087
2024-07-29,0.1819,0.1819,0.20950969616069234,1,1.0,1.0,1017.0019839838404,695.3363914373087
2024-07-30,0.1819,0.1822,0.20950969616063142,1,1.0016492578339746,1.0016492578339746,1018.6792824730935,696.4831804281343
2024-08-01,0.1822,0.1722,0.20950964901941577,1,0.9451152579582875,0.9451152579582875,962.7693328313211,658.2568807339447
2024-08-02,0.1722,0.1623,0.20950969616064985,1,0.9425087108013938,0.9425087108013938,907.4184826859664,620.412844036697
2024-08-03,0.1623,0.1556,0.20950120814634593,1,0.9587184226740603,0.9587184226740603,869.9588164259787,594.8012232415899
2024-08-04,0.1556,0.1549,0.20950969616069312,1,0.9955012853470439,0.9955012853470439,866.0451199510549,592.1253822629967
2024-08-05,0.1549,0.1561,0.20950969616069304,1,1.0077469335054872,1.0077469335054872,872.7543139080674,596.7125382262993
2024-08-06,0.1561,0.1474,0.20950969616063223,1,0.9442664958360026,0.9442664958360026,824.1126577197255,563.4556574923545
2024-08-07,0.1474,0.1636,0.20950969616067885,1,1.1099050203527816,1.1099050203527816,914.6867761393968,625.3822629969417
2024-08-08,0.1636,0.1636,0.20950969616065637,1,1.0,1.0,914.6867761393968,625.3822629969417
2024-08-09,0.1636,0.166,0.20950969616059678,1,1.014669926650367,1.014669926650367,928.1051640534223,634.5565749235473
2024-08-12,0.166,0.161,0.20950969597506927,1,0.9698795180722891,0.9698795180722891,900.150189232536,615.4434250764524
2024-08-13,0.161,0.161,0.20950969616068246,1,1.0,1.0,900.150189232536,615.4434250764524
2024-08-14,0.161,0.161,0.2095096961605991,1,1.0,1.0,900.150189232536,615.4434250764524
2024-08-16,0.161,0.161,0.2095096959961921,1,1.0,1.0,900.150189232536,615.4434250764524
2024-08-17,0.161,0.161,0.20950969615908677,1,1.0,1.0,900.150189232536,615.4434250764524
2024-08-18,0.161,0.1664,0.2095096961605968,1,1.0335403726708075,1.0335403726708075,930.3415620390931,636.0856269113149
2024-08-21,0.1664,0.1813,0.20950969616046677,1,1.0895432692307692,1.0895432692307692,1013.6473870053339,693.0428134556573
2024-08-22,0.1813,0.1823,0.2095096961606229,1,1.0055157198014342,1.0055157198014342,1019.2383819695112,696.8654434250764
2024-08-23,0.1823,0.1883,0.20950969616067072,1,1.0329127811300056,1.0329127811300056,1052.7843517545748,719.8012232415903
2024-08-24,0.1883,0.1935,0.20950652643141934,1,1.0276155071694106,1.0276155071694106,1081.8575255682965,739.6788990825689
2024-08-25,0.1935,0.1822,0.20950969616063259,1,0.9416020671834625,0.9416020671834625,1018.6792824730937,696.4831804281346
2024-08-26,0.1822,0.1719,0.20950969616069196,1,0.9434687156970362,0.9434687156970362,961.092034342068,657.1100917431193
2024-08-27,0.1719,0.1649,0.20950969616069312,1,0.9592786503781268,0.9592786503781268,921.9550695928273,630.3516819571865
2024-08-28,0.1649,0.164,0.20950861294229858,1,0.9945421467556096,0.9945421467556096,916.9231741250678,626.9113149847095
2024-08-29,0.164,0.1588,0.2095096961606814,1,0.9682926829268292,0.9682926829268292,887.8500003113462,607.0336391437309
2024-08-30,0.1588,0.1623,0.2095096961602247,1,1.0220403022670026,1.0220403022670026,907.4184826859666,620.4128440366973
2024-08-31,0.1623,0.1623,0.2095096961606123,1,1.0,1.0,907.4184826859666,620.4128440366973
2024-09-01,0.1623,0.1564,0.20950969616060378,1,0.9636475662353666,0.9636475662353666,874.4316123973209,597.8593272171254
2024-09-03,0.1564,0.1617,0.20950388893333077,1,1.0338874680306904,1.0338874680306904,904.0638857074603,618.1192660550458
2024-09-04,0.1617,0.1617,0.20950969616060108,1,1.0,1.0,904.0638857074603,618.1192660550458
2024-09-05,0.1617,0.153,0.20950969616059825,1,0.9461966604823747,0.9461966604823747,855.4222295191182,584.8623853211009
2024-09-07,0.153,0.1499,0.2095096961598731,1,0.9797385620915033,0.9797385620915033,838.0901451301688,573.0122324159022
2024-09-08,0.1499,0.1601,0.2095096961606925,1,1.068045363575717,1.068045363575717,895.1182937647766,612.0030581039755
2024-09-09,0.1601,0.1626,0.20950969616062254,1,1.0156152404747034,1.0156152404747034,909.0957811752198,621.559633027523
2024-09-10,0.1626,0.1563,0.20950969616059545,1,0.9612546125461254,0.9612546125461254,873.8725129009032,597.4770642201835
2024-09-11,0.1563,0.1747,0.2095093004100313,1,1.1177223288547664,1.1177223288547664,976.7468202417645,667.8134556574922
2024-09-12,0.1747,0.1747,0.20950969616066323,1,1.0,1.0,976.7468202417645,667.8134556574922
2024-09-13,0.1747,0.161,0.20950969616060355,1,0.9215798511734402,0.9215798511734402,900.1501892325361,615.4434250764525
2024-09-16,0.161,0.1698,0.2095096961606036,1,1.0546583850931677,1.0546583850931677,949.3509449172959,649.0825688073394
2024-09-18,0.1698,0.18,0.20950969616060602,1,1.0600706713780919,1.0600706713780919,1006.3790935519037,688.0733944954127
2024-09-20,0.18,0.189,0.20950959921723336,1,1.05,1.05,1056.698048229499,722.4770642201835
2024-09-21,0.189,0.1815,0.2095096961606223,1,0.9603174603174602,0.9603174603174602,1014.7655859981695,693.8073394495412
2024-09-22,0.1815,0.1881,0.20950969616065482,1,1.0363636363636364,1.0363636363636364,1051.6661527617393,719.0366972477063
2024-09-23,0.1881,0.1912,0.2095096961606808,1,1.0164805954279639,1.0164805954279639,1068.9982371506887,730.8868501529051
2024-09-24,0.1912,0.1933,0.2095096724597425,1,1.0109832635983262,1.0109832635983262,1080.7393265754608,738.9143730886848
2024-09-25,0.1933,0.1875,0.20950969616044318,1,0.9699948266942576,0.9699948266942576,1048.3115557832327,716.7431192660548
2024-09-26,0.1875,0.1963,0.2095096961606927,1,1.0469333333333333,1.0469333333333333,1097.5123114679923,750.3822629969417
2024-09-27,0.1963,0.1824,0.20950969616066709,1,0.9291900152827305,0.9291900152827305,1019.7974814659287,697.2477064220182
2024-09-28,0.1824,0.1888,0.20950969615431306,1,1.0350877192982455,1.0350877192982455,1055.579849236663,721.7125382262994
2024-09-29,0.1888,0.1786,0.20950969616068793,1,0.9459745762711865,0.9459745762711865,998.5517006020552,682.7217125382261
2024-09-30,0.1786,0.1709,0.20950969615898998,1,0.9568868980963046,0.9568868980963046,955.5010393778905,653.2874617737001
2024-10-01,0.1709,0.1601,0.2095096961606742,1,0.9368051492100643,0.9368051492100643,895.1182937647761,612.0030581039754
2024-10-02,0.1601,0.1591,0.2095096961606654,1,0.9937539038101186,0.9937539038101186,889.5272988005989,608.1804281345565
2024-10-03,0.1591,0.1591,0.20950969590373603,1,1.0,1.0,889.5272988005989,608.1804281345565
2024-10-04,0.1591,0.1693,0.2095096961606895,1,1.0641106222501573,1.0641106222501573,946.5554474352069,647.1712538226299
2024-10-05,0.1693,0.1726,0.20950969615936635,1,1.019492025989368,1.019492025989368,965.0057308169919,659.7859327217125
2024-10-06,0.1726,0.1726,0.20950969616057669,1,1.0,1.0,965.0057308169919,659.7859327217125
2024-10-07,0.1726,0.1676,0.20950969616065115,1,0.9710312862108922,0.9710312862108922,937.0507559961056,640.6727828746177
2024-10-08,0.1676,0.1666,0.209509696160669,1,0.9940334128878282,0.9940334128878282,931.4597610319285,636.8501529051988
2024-10-09,0.1666,0.1637,0.20950969589826526,1,0.982593037214886,0.982593037214886,915.2458756358145,625.7645259938838
2024-10-10,0.1637,0.1716,0.20950662334337308,1,1.0482590103848504,1.0482590103848504,959.4147358528148,655.9633027522935
2024-10-11,0.1716,0.1787,0.20950969616059556,1,1.0413752913752914,1.0413752913752914,999.1108000984732,683.1039755351682
2024-10-12,0.1787,0.1727,0.20950969616061443,1,0.9664241745942921,0.9664241745942921,965.5648303134096,660.1681957186544
2024-10-13,0.1727,0.1805,0.20950969616067985,1,1.0451650260567458,1.0451650260567458,1009.1745910339922,689.9847094801222
2024-10-14,0.1805,0.1856,0.20950967660589462,1,1.0282548476454294,1.0282548476454294,1037.6886653512963,709.480122324159
2024-10-15,0.1856,0.1801,0.20950966679901137,1,0.970366379310345,0.970366379310345,1006.9381930483214,688.4556574923548
2024-10-16,0.1801,0.176,0.2095096961606142,1,0.977234869516935,0.977234869516935,984.0151136951947,672.782874617737
2024-10-17,0.176,0.1704,0.20950969616069054,1,0.9681818181818183,0.9681818181818183,952.7055418958022,651.3761467889909
2024-10-18,0.1704,0.1733,0.20950969616064033,1,1.017018779342723,1.017018779342723,968.9194272919161,662.4617737003059
2024-10-19,0.1733,0.1804,0.20950969616068954,1,1.0409694171956145,1.0409694171956145,1008.6154915375747,689.6024464831805
2024-10-20,0.1804,0.1746,0.20950969615989015,1,0.967849223946785,0.967849223946785,976.1877207453467,667.4311926605506
2024-10-21,0.1746,0.1734,0.20950969616069304,1,0.9931271477663229,0.9931271477663229,969.478526788334,662.8440366972477
2024-10-22,0.1734,0.1768,0.20950969616067247,1,1.019607843137255,1.019607843137255,988.4879096665368,675.8409785932722
2024-10-23,0.1768,0.1686,0.20950969605433378,1,0.9536199095022624,0.9536199095022624,942.6417509602834,644.4954128440367
2024-10-24,0.1686,0.1601,0.2095096961606929,1,0.9495848161328588,0.9495848161328588,895.1182937647768,612.0030581039755
2024-10-25,0.1601,0.1593,0.20950969616069312,1,0.995003123048095,0.995003123048095,890.6454977934351,608.9449541284404
2024-10-26,0.1593,0.162,0.2095096961606931,1,1.0169491525423728,1.0169491525423728,905.7411841967136,619.2660550458717
2024-10-27,0.162,0.162,0.20950969616060217,1,1.0,1.0,905.7411841967136,619.2660550458717
2024-10-28,0.162,0.1632,0.20950969616060294,1,1.0074074074074075,1.0074074074074075,912.4503781537263,623.8532110091744
2024-10-30,0.1632,0.162,0.20950969616064952,1,0.9926470588235293,0.9926470588235293,905.7411841967136,619.2660550458717
2024-10-31,0.162,0.162,0.20950969528369973,1,1.0,1.0,905.7411841967136,619.2660550458717
2024-11-01,0.162,0.1581,0.2095096961606929,1,0.9759259259259259,0.9759259259259259,883.9363038364223,604.3577981651376
2024-11-02,0.1581,0.1512,0.2095096961606238,1,0.9563567362428843,0.9563567362428843,845.3584385835994,577.9816513761468
2024-11-03,0.1512,0.149,0.20950966964547324,1,0.9854497354497354,0.9854497354497354,833.0582496624094,569.571865443425
2024-11-04,0.149,0.1568,0.20950969616067872,1,1.0523489932885906,1.0523489932885906,876.6680103829918,599.388379204893
2024-11-05,0.1568,0.1644,0.20950969616069212,1,1.0484693877551021,1.0484693877551021,919.159572110739,628.440366972477
2024-11-06,0.1644,0.1689,0.2095095771904432,1,1.0273722627737227,1.0273722627737227,944.3190494495366,645.6422018348625
2024-11-07,0.1689,0.161,0.20950969616059886,1,0.9532267613972766,0.9532267613972766,900.1501892325364,615.4434250764526
2024-11-08,0.161,0.1701,0.2095096961569579,1,1.0565217391304347,1.0565217391304347,951.0282434065492,650.2293577981651
2024-11-09,0.1701,0.1712,0.20950969616065418,1,1.006466784244562,1.006466784244562,957.1783378671443,654.434250764526
2024-11-10,0.1712,0.1887,0.20950968981088502,1,1.1022196261682244,1.1022196261682244,1055.0207497402462,721.3302752293579
2024-11-11,0.1887,0.1905,0.20950969616059606,1,1.0095389507154213,1.0095389507154213,1065.084540675765,728.211009174312
2024-11-12,0.1905,0.1832,0.20950969616068893,1,0.9616797900262467,0.9616797900262467,1024.2702774372715,700.3058103975536
2024-11-13,0.1832,0.1831,0.2095096961605541,1,0.9994541484716157,0.9994541484716157,1023.7111779408536,699.9235474006117
2024-11-14,0.1831,0.1858,0.20950969616068743,1,1.0147460404150737,1.0147460404150737,1038.8068643441322,710.2446483180428
2024-11-15,0.1858,0.2077,0.20950969616069304,1,1.1178686759956944,1.1178686759956944,1161.249654059614,793.960244648318
2024-11-16,0.2077,0.1942,0.20950969613664044,1,0.9350024073182476,0.9350024073182476,1085.7712220432213,742.3547400611621
2024-11-17,0.1942,0.212,0.20950969616069315,1,1.0916580844490216,1.0916580844490216,1185.2909324055763,810.3975535168196
2024-11-18,0.212,0.2203,0.20950969616067824,0,1.0,1.0391509433962265,1185.2909324055763,842.125382262997
2024-11-19,0.2203,0.208,0.20950969616000117,0,1.0,0.94416704493872,1185.2909324055763,795.1070336391438
2024-11-20,0.208,0.2189,0.20950969616068416,1,1.0524038461538463,1.0524038461538463,1247.4047360749073,836.7737003058105
2024-11-21,0.2189,0.23,0.20950969616069298,0,1.0,1.0507080858839652,1247.4047360749073,879.204892966361
2024-11-22,0.23,0.245,0.20950969616068008,0,1.0,1.0652173913043477,1247.4047360749073,936.5443425076452
2024-11-23,0.245,0.2836,0.20950969564462096,0,1.0,1.1575510204081634,1247.4047360749073,1084.097859327217
2024-11-24,0.2836,0.27,0.20950969616069226,0,1.0,0.9520451339915373,1247.4047360749073,1032.1100917431193
2024-11-25,0.27,0.2768,0.20950969622870733,0,1.0,1.025185185185185,1247.4047360749073,1058.103975535168
2024-11-26,0.2768,0.3001,0.20950969616069318,0,1.0,1.0841763005780347,1247.4047360749073,1147.1712538226298
2024-11-27,0.3001,0.2986,0.20950969644306502,0,1.0,0.9950016661112963,1247.4047360749073,1141.4373088685013
2024-11-28,0.2986,0.3378,0.20950969616074755,0,1.0,1.1312793034159412,1247.4047360749073,1291.2844036697247
2024-11-29,0.3378,0.3165,0.20950969616071125,0,1.0,0.9369449378330373,1247.4047360749073,1209.8623853211009
2024-11-30,0.3165,0.3157,0.20950969616070586,0,1.0,0.9974723538704581,1247.4047360749073,1206.8042813455654
2024-12-01,0.3157,0.3241,0.20952639835687412,0,1.0,1.0266075388026608,1247.4047360749073,1238.9143730886847
2024-12-02,0.3241,0.349,0.2095096961607662,0,1.0,1.0768281394631285,1247.4047360749073,1334.0978593272166
2024-12-03,0.349,0.3642,0.20950969616069862,0,1.0,1.0435530085959888,1247.4047360749073,1392.201834862385
2024-12-04,0.3642,0.3355,0.20950969616077672,0,1.0,0.9211971444261394,1247.4047360749073,1282.4923547400608
2024-12-05,0.3355,0.3423,0.20950969616079337,0,1.0,1.0202682563338301,1247.4047360749073,1308.4862385321098
2024-12-06,0.3423,0.3499,0.20950969661297,0,1.0,1.0222027461291265,1247.4047360749073,1337.538226299694
2024-12-07,0.3499,0.3293,0.2095096961729222,0,1.0,0.9411260360102887,1247.4047360749073,1258.7920489296635
2024-12-08,0.3293,0.2692,0.20950969616087067,0,1.0,0.8174916489523232,1247.4047360749073,1029.0519877675838
2024-12-09,0.2692,0.2647,0.2095110369399696,0,1.0,0.9832838038632986,1247.4047360749073,1011.8501529051985
2024-12-10,0.2647,0.2832,0.20950969616079046,0,1.0,1.0698904420098225,1247.4047360749073,1082.5688073394492
2024-12-11,0.2832,0.2969,0.20950969616074747,0,1.0,1.0483757062146892,1247.4047360749073,1134.938837920489
2024-12-12,0.2969,0.2939,0.20950969616070417,0,1.0,0.9898955877399798,1247.4047360749073,1123.470948012232
2024-12-13,0.2939,0.2647,0.20950970505886268,0,1.0,0.9006464783940116,1247.4047360749073,1011.8501529051985
2024-12-14,0.2647,0.2789,0.20950969616103488,0,1.0,1.0536456365697016,1247.4047360749073,1066.1314984709475
2024-12-15,0.2789,0.27,0.20950969616075146,0,1.0,0.9680889207601292,1247.4047360749073,1032.110091743119
2024-12-16,0.27,0.2611,0.20950969620610624,0,1.0,0.9670370370370369,1247.4047360749073,998.0886850152901
2024-12-17,0.2611,0.244,0.20950969616074647,0,1.0,0.9345078513979318,1247.4047360749073,932.7217125382259
2024-12-18,0.244,0.2223,0.2095097684441801,0,1.0,0.9110655737704918,1247.4047360749073,849.7706422018346
2024-12-19,0.2223,0.2182,0.20950969616072704,0,1.0,0.9815564552406658,1247.4047360749073,834.0978593272168
2024-12-20,0.2182,0.2123,0.20950969616071605,0,1.0,0.9729605866177817,1247.4047360749073,811.5443425076448
2024-12-21,0.2123,0.2073,0.2095096961607077,0,1.0,0.9764484220442771,1247.4047360749073,792.4311926605502
2024-12-22,0.2073,0.2292,0.20950969616265872,1,1.105643994211288,1.105643994211288,1379.1855547919379,876.1467889908254
2024-12-23,0.2292,0.2808,0.20950969616067305,0,1.0,1.225130890052356,1379.1855547919379,1073.3944954128435
2024-12-24,0.2808,0.2594,0.20940233037784065,0,1.0,0.9237891737891739,1379.1855547919379,991.590214067278
2024-12-25,0.2594,0.2537,0.20950969616072387,0,1.0,0.9780262143407863,1379.1855547919379,969.8012232415898
2024-12-26,0.2537,0.2425,0.20950969616070073,0,1.0,0.9558533701221916,1379.1855547919379,926.9877675840975
2024-12-27,0.2425,0.25,0.20950970980684247,0,1.0,1.0309278350515465,1379.1855547919379,955.6574923547398
2024-12-28,0.25,0.24,0.20950969616070228,0,1.0,0.96,1379.1855547919379,917.4311926605502
2024-12-29,0.24,0.2374,0.20950969616073473,0,1.0,0.9891666666666667,1379.1855547919379,907.4923547400609
2024-12-30,0.2374,0.2521,0.2134054975997521,0,1.0,1.0619208087615837,1379.1855547919379,963.6850152905196
2024-12-31,0.2521,0.2301,0.20950969616069776,0,1.0,0.9127330424434749,1379.1855547919379,879.5871559633025
2025-01-01,0.2301,0.2485,0.20950969847090192,0,1.0,1.0799652325076055,1379.1855547919379,949.9235474006114
2025-01-02,0.2485,0.2566,0.20950969616069276,0,1.0,1.0325955734406438,1379.1855547919379,980.8868501529049
2025-01-03,0.2566,0.2566,0.20950969616070192,0,1.0,1.0,1379.1855547919379,980.8868501529049
2025-01-04,0.2566,0.2778,0.20950969616072712,0,1.0,1.082618862042089,1379.1855547919379,1061.9266055045869
2025-01-06,0.2778,0.2538,0.20950969616070253,0,1.0,0.9136069114470844,1379.1855547919379,970.183486238532
2025-01-07,0.2538,0.243,0.20950969618330217,0,1.0,0.9574468085106381,1379.1855547919379,928.899082568807
2025-01-08,0.243,0.24,0.20950969616069345,0,1.0,0.9876543209876543,1379.1855547919379,917.4311926605501
2025-01-09,0.24,0.2523,0.20950969616069381,0,1.0,1.0512500000000002,1379.1855547919379,964.4495412844035
2025-01-10,0.2523,0.2526,0.20950971487367967,0,1.0,1.0011890606420926,1379.1855547919379,965.5963302752291
2025-01-11,0.2526,0.2336,0.20950969616071408,0,1.0,0.9247822644497229,1379.1855547919379,892.9663608562689
2025-01-12,0.2336,0.235,0.20950972147926483,0,1.0,1.0059931506849313,1379.1855547919379,898.3180428134552
2025-01-13,0.235,0.2475,0.2095096961607149,0,1.0,1.0531914893617023,1379.1855547919379,946.1009174311924
2025-01-14,0.2475,0.2476,0.2453144442261126,0,1.0,1.0004040404040404,1379.1855547919379,946.4831804281342
2025-01-15,0.2476,0.2557,0.20950969616071935,0,1.0,1.0327140549273022,1379.1855547919379,977.4464831804279
2025-01-16,0.2557,0.2526,0.20950969622069693,0,1.0,0.9878764176769652,1379.1855547919379,965.5963302752292
2025-01-17,0.2526,0.2501,0.20950969620045587,0,1.0,0.9901029295328583,1379.1855547919379,956.0397553516817
2025-01-18,0.2501,0.2278,0.20950969616069315,0,1.0,0.9108356657337066,1379.1855547919379,870.7951070336389
2025-01-19,0.2278,0.2231,0.20950969619535934,0,1.0,0.9793678665496048,1379.1855547919379,852.8287461773698
2025-01-20,0.2231,0.2413,0.20950969616069381,0,1.0,1.0815777678171223,1379.1855547919379,922.4006116207948
2025-01-21,0.2413,0.2299,0.20950969616069307,0,1.0,0.952755905511811,1379.1855547919379,878.8226299694187
2025-01-22,0.2299,0.2209,0.20950969616072232,0,1.0,0.9608525445846021,1379.1855547919379,844.4189602446482
2025-01-23,0.2209,0.221,0.20950970380060202,0,1.0,1.0004526935264826,1379.1855547919379,844.8012232415902
2025-01-24,0.221,0.2299,0.20950969616069293,0,1.0,1.0402714932126695,1379.1855547919379,878.8226299694187
2025-01-25,0.2299,0.2223,0.20950969616069234,0,1.0,0.9669421487603306,1379.1855547919379,849.7706422018347
2025-01-26,0.2223,0.215,0.20950976734867788,0,1.0,0.967161493477283,1379.1855547919379,821.8654434250763
2025-01-27,0.215,0.208,0.20950969616069637,0,1.0,0.9674418604651163,1379.1855547919379,795.1070336391435
2025-01-28,0.208,0.213,0.20950969616069373,1,1.0240384615384615,1.0240384615384615,1412.3390537052055,814.2201834862384
2025-01-29,0.213,0.2205,0.20622099831806145,0,1.0,1.0352112676056338,1412.3390537052055,842.8899082568805
2025-01-30,0.2205,0.2159,0.20950969616066964,0,1.0,0.9791383219954649,1412.3390537052055,825.3058103975534
2025-01-31,0.2159,0.2155,0.2095096961606928,0,1.0,0.9981472904122278,1412.3390537052055,823.7767584097857
2025-02-01,0.2155,0.1804,0.20950969547987383,0,1.0,0.837122969837587,1412.3390537052055,689.6024464831803
2025-02-02,0.1804,0.19,0.20950969616069498,1,1.0532150776053215,1.0532150776053215,1487.4967860531542,726.2996941896023
2025-02-03,0.19,0.1769,0.2095096961606923,1,0.9310526315789474,0.9310526315789474,1384.9377971200156,676.2232415902139
2025-02-04,0.1769,0.1769,0.2095096961606834,1,1.0,1.0,1384.9377971200156,676.2232415902139
2025-02-05,0.1769,0.1697,0.20950969616064377,1,0.9592990390050875,0.9592990390050875,1328.5694978590539,648.7003058103973
2025-02-06,0.1697,0.1688,0.16956237265958296,0,1.0,0.9946965232763701,1328.5694978590539,645.2599388379203
2025-02-07,0.1688,0.1688,0.2095096910491837,1,1.0,1.0,1328.5694978590539,645.2599388379203
2025-02-08,0.1688,0.18,0.20950969616062068,1,1.066350710900474,1.066350710900474,1416.721028522688,688.0733944954127
2025-02-10,0.18,0.186,0.20950969615347168,1,1.0333333333333334,1.0333333333333334,1463.9450628067775,711.0091743119266
2025-02-11,0.186,0.184,0.20950969615878517,1,0.989247311827957,0.989247311827957,1448.2037180454145,703.3639143730886
2025-02-12,0.184,0.184,0.2095096961606344,1,1.0,1.0,1448.2037180454145,703.3639143730886
2025-02-13,0.184,0.1868,0.209509696160629,1,1.0152173913043478,1.0152173913043478,1470.241600711323,714.0672782874617
2025-02-17,0.1868,0.1753,0.20950962829353637,1,0.9384368308351179,0.9384368308351179,1379.7288683334846,670.1070336391438
2025-02-18,0.1753,0.1753,0.20950969616065596,1,1.0,1.0,1379.7288683334846,670.1070336391438
2025-02-19,0.1753,0.1816,0.20950969616062462,1,1.03593839132915,1.03593839132915,1429.3141043317785,694.1896024464831
2025-02-22,0.1816,0.1748,0.20950969616069223,1,0.9625550660792952,0.9625550660792952,1375.7935321431437,668.1957186544342
2025-02-23,0.1748,0.1656,0.20950969615996437,1,0.9473684210526315,0.9473684210526315,1303.383346240873,633.0275229357798
2025-02-24,0.1656,0.1634,0.2095096960700438,1,0.9867149758454106,0.9867149758454106,1286.067867003373,624.617737003058
2025-02-25,0.1634,0.1634,0.20950969616068846,1,1.0,1.0,1286.067867003373,624.617737003058
2025-02-26,0.1634,0.1696,0.2095096633754561,1,1.0379436964504285,1.0379436964504285,1334.8660357635993,648.3180428134556
2025-02-27,0.1696,0.1594,0.20950969616061257,1,0.9398584905660377,0.9398584905660377,1254.585177480647,609.3272171253822
2025-02-28,0.1594,0.1607,0.20950969615639456,1,1.0081555834378921,1.0081555834378921,1264.817051575533,614.2966360856269
2025-03-01,0.1607,0.1799,0.20950969616061627,1,1.1194772868699439,1.1194772868699439,1415.9339612846195,687.6911314984708
2025-03-02,0.1799,0.1592,0.20950959224397725,1,0.8849360755975543,0.8849360755975543,1253.0110430045104,608.5626911314985
2025-03-03,0.1592,0.1489,0.20950969616069012,1,0.9353015075376884,0.9353015075376884,1171.94311748349,569.189602446483
2025-03-04,0.1489,0.1599,0.2095096961606852,1,1.0738750839489588,1.0738750839489588,1258.5205136709874,611.2385321100915
2025-03-05,0.1599,0.1599,0.209509696125992,1,1.0,1.0,1258.5205136709874,611.2385321100915
2025-03-06,0.1599,0.1453,0.20950969616059617,1,0.9086929330831771,0.9086929330831771,1143.608696913036,555.4281345565748
2025-03-11,0.1453,0.1432,0.20950969616068818,1,0.9855471438403303,0.9855471438403303,1127.0802849136046,547.4006116207948
2025-03-12,0.1432,0.142,0.20950969616069295,1,0.9916201117318435,0.9916201117318435,1117.6354780567865,542.8134556574921
2025-03-13,0.142,0.1493,0.20950962293042477,1,1.0514084507042254,1.0514084507042254,1175.0913864357622,570.7186544342505
2025-03-14,0.1493,0.1498,0.20950969616058457,1,1.0033489618218352,1.0033489618218352,1179.0267226261028,572.62996941896
2025-03-15,0.1498,0.1494,0.20950969616067022,1,0.9973297730307077,0.9973297730307077,1175.8784536738303,571.1009174311924
2025-03-16,0.1494,0.1467,0.2095096961606931,1,0.9819277108433735,0.9819277108433735,1154.6276382459898,560.7798165137611
2025-03-17,0.1467,0.1467,0.2095096961555831,1,1.0,1.0,1154.6276382459898,560.7798165137611
2025-03-18,0.1467,0.1409,0.20950969616057824,1,0.9604635310156783,0.9604635310156783,1108.9777384380366,538.6085626911312
2025-03-22,0.1409,0.1383,0.2095096961605941,1,0.9815471965933287,0.9815471965933287,1088.5139902482645,528.669724770642
2025-03-23,0.1383,0.1438,0.20948491336103395,1,1.039768618944324,1.039768618944324,1131.8026883420134,549.6941896024463
2025-03-24,0.1438,0.1567,0.2095096961606852,1,1.0897079276773296,1.0897079276773296,1233.334362052806,599.0061162079509
2025-03-25,0.1567,0.1571,0.20950969615853857,1,1.0025526483726865,1.0025526483726865,1236.4826310050782,600.5351681957184
2025-03-26,0.1571,0.1571,0.20950969616066795,1,1.0,1.0,1236.4826310050782,600.5351681957184
2025-03-27,0.1571,0.1297,0.2095096961605859,1,0.8255887969446214,0.8255887969446214,1020.8262077744029,495.795107033639
2025-03-29,0.1297,0.1297,0.20950969612119885,1,1.0,1.0,1020.8262077744029,495.795107033639
2025-03-30,0.1297,0.1382,0.20950969616056694,1,1.0655358519660754,1.0655358519660754,1087.7269230101963,528.2874617737
2025-04-02,0.1382,0.1168,0.20950969616056409,1,0.8451519536903039,0.8451519536903039,919.2945340636102,446.48318042813435
2025-04-07,0.1168,0.1168,0.20950969616069276,1,1.0,1.0,919.2945340636102,446.48318042813435
2025-04-08,0.1168,0.1243,0.20950969616054607,1,1.0642123287671232,1.0642123287671232,978.3245769187221,475.1529051987765
2025-04-10,0.1243,0.1298,0.20950969616054532,1,1.0442477876106195,1.0442477876106195,1021.6132750124709,496.17737003058085
2025-04-12,0.1298,0.1263,0.20950969543494954,1,0.973035439137134,0.973035439137134,994.0659216800852,482.79816513761443
2025-04-13,0.1263,0.1192,0.20950969616058865,1,0.9437846397466351,0.9437846397466351,938.184147777246,455.6574923547399
2025-04-14,0.1192,0.123,0.20950959565793342,1,1.0318791946308725,1.0318791946308725,968.0927028238361,470.1834862385319
2025-04-15,0.123,0.123,0.20950969616060092,1,1.0,1.0,968.0927028238361,470.1834862385319
2025-04-16,0.123,0.1299,0.2095096961605426,1,1.0560975609756096,1.0560975609756096,1022.400342250539,496.55963302752264
2025-04-19,0.1299,0.1299,0.20950969616055098,1,1.0,1.0,1022.400342250539,496.55963302752264
2025-04-20,0.1299,0.1399,0.20950969616054724,1,1.0769822940723635,1.0769822940723635,1101.107066057355,534.7859327217122
2025-04-22,0.1399,0.1407,0.2095096961578073,1,1.0057183702644745,1.0057183702644745,1107.4036039619002,537.8440366972474
2025-04-23,0.1407,0.1407,0.20950969616068857,1,1.0,1.0,1107.4036039619002,537.8440366972474
2025-04-24,0.1407,0.1431,0.2095096961605619,1,1.0170575692963753,1.0170575692963753,1126.293217675536,547.0183486238528
2025-04-26,0.1431,0.1426,0.20950969616063586,1,0.9965059399021663,0.9965059399021663,1122.357881485195,545.1070336391433
2025-04-27,0.1426,0.1506,0.20950969616069307,1,1.056100981767181,1.056100981767181,1185.3232605306478,575.688073394495
2025-04-28,0.1506,0.1506,0.20950969615727288,1,1.0,1.0,1185.3232605306478,575.688073394495
2025-04-29,0.1506,0.1531,0.20950969616057416,1,1.0166002656042497,1.0166002656042497,1204.9999414823517,585.2446483180422
2025-05-01,0.1531,0.1531,0.2095095353245908,1,1.0,1.0,1204.9999414823517,585.2446483180422
2025-05-02,0.1531,0.1418,0.2095096961605777,1,0.9261920313520574,0.9261920313520574,1116.0613435806497,542.048929663608
2025-05-05,0.1418,0.13,0.2095096961606798,1,0.9167842031029619,0.9167842031029619,1023.1874094886068,496.9418960244643
2025-05-06,0.13,0.13,0.20950969607478137,1,1.0,1.0,1023.1874094886068,496.9418960244643
2025-05-07,0.13,0.1582,0.20950969616056603,1,1.216923076923077,1.216923076923077,1245.1403706238277,604.7400611620789
2025-05-09,0.1582,0.1609,0.20950969615922233,1,1.0170670037926675,1.0170670037926675,1266.391186051668,615.06116207951
2025-05-10,0.1609,0.1624,0.20950969616069307,1,1.0093225605966438,1.0093225605966438,1278.1971946226902,620.7951070336384
2025-05-11,0.1624,0.163,0.20950969616067808,1,1.0036945812807883,1.0036945812807883,1282.9195980510992,623.0886850152898
2025-05-12,0.163,0.1554,0.20950969615657028,1,0.9533742331288344,0.9533742331288344,1223.102487957919,594.0366972477058
2025-05-13,0.1554,0.1575,0.20950969616062823,1,1.0135135135135134,1.0135135135135134,1239.6308999573503,602.0642201834855
2025-05-14,0.1575,0.1504,0.20950964980153067,1,0.954920634920635,0.954920634920635,1183.749126054511,574.9235474006109
2025-05-15,0.1504,0.1503,0.20950969616062395,1,0.9993351063829786,0.9993351063829786,1182.9620588164428,574.5412844036689
2025-05-16,0.1503,0.1497,0.20950969615738654,1,0.9960079840319362,0.9960079840319362,1178.239655388034,572.2477064220176
2025-05-17,0.1497,0.1415,0.20950969616009948,1,0.9452237808951235,0.9452237808951235,1113.7001418664447,540.9021406727821
2025-05-18,0.1415,0.1415,0.2095096961606001,1,1.0,1.0,1113.7001418664447,540.9021406727821
2025-05-19,0.1415,0.1462,0.20950969616057727,1,1.0332155477031804,1.0332155477031804,1150.6923020556483,558.8685015290512
2025-05-21,0.1462,0.1565,0.2095096961605646,1,1.070451436388509,1.070451436388509,1231.7602275766687,598.2415902140664
2025-05-22,0.1565,0.1462,0.209356950825786,1,0.934185303514377,0.934185303514377,1150.6923020556485,558.8685015290512
2025-05-23,0.1462,0.1425,0.2095096961606791,1,0.9746922024623802,0.9746922024623802,1121.5708142471265,544.7247706422011
2025-05-24,0.1425,0.1415,0.20950969616059234,1,0.9929824561403509,0.9929824561403509,1113.700141866445,540.9021406727821
2025-05-25,0.1415,0.1415,0.20950904393655806,1,1.0,1.0,1113.700141866445,540.9021406727821
2025-05-26,0.1415,0.1414,0.20950969616057258,1,0.9992932862190813,0.9992932862190813,1112.9130746283768,540.5198776758402
2025-05-28,0.1414,0.1298,0.20950969616057133,1,0.917963224893918,0.917963224893918,1021.6132750124705,496.1773700305804
2025-05-30,0.1298,0.1298,0.20950969616067286,1,1.0,1.0,1021.6132750124705,496.1773700305804
2025-05-31,0.1298,0.1249,0.20950969616056156,1,0.9622496147919877,0.9622496147919877,983.0469803471307,477.4464831804275
2025-06-02,0.1249,0.1316,0.20950969616055443,1,1.0536429143314652,1.0536429143314652,1035.7804852976974,503.0581039755345
2025-06-04,0.1316,0.1281,0.20950969616055432,1,0.9734042553191489,0.9734042553191489,1008.2331319653117,489.67889908256814
2025-06-09,0.1281,0.1385,0.2095096961606916,1,1.0811865729898518,1.0811865729898518,1090.0881247244004,529.4342507645254
2025-06-10,0.1385,0.1348,0.2095096842800951,1,0.9732851985559566,0.9732851985559566,1060.9666369158783,515.2905198776751
2025-06-11,0.1348,0.1348,0.20950969612459244,1,1.0,1.0,1060.9666369158783,515.2905198776751
2025-06-12,0.1348,0.125,0.20950969616055748,1,0.9272997032640949,0.9272997032640949,983.8340475851987,477.82874617736934
2025-06-14,0.125,0.12,0.209509696160551,1,0.96,0.96,944.4806856817908,458.7155963302746
2025-06-19,0.12,0.1234,0.20950969616058482,1,1.0283333333333333,1.0283333333333333,971.2409717761082,471.71253822629905
2025-06-20,0.1234,0.115,0.12817521365667206,1,0.9319286871961103,0.9319286871961103,905.1273237783829,439.60244648317985
2025-06-21,0.115,0.112,0.2095096961606003,1,0.9739130434782608,0.9739130434782608,881.515306636338,428.13455657492295
2025-06-22,0.112,0.1139,0.2095096961606894,1,1.0169642857142858,1.0169642857142858,896.4695841596331,435.39755351681896
2025-06-23,0.1139,0.1139,0.20950969614759649,1,1.0,1.0,896.4695841596331,435.39755351681896
